{"MSE": {"en": {"anger": {"train": 0.07055227522618011, "dev": 0.06765223874595311, "test": 0.06755699652571176}, "fear": {"train": 0.07194448374426794, "dev": 0.06849993050437503, "test": 0.07534663857542408}, "joy": {"train": 0.1022923195874661, "dev": 0.08899075295732296, "test": 0.08361940045256032}, "sadness": {"train": 0.07660738791628133, "dev": 0.06565920032406086, "test": 0.06706400292523304}, "valence": {"train": 0.11057149130688572, "dev": 0.10595989985531724, "test": 0.11128774833231139}}, "en_es": {"anger": {"train": 0.09983804607481926, "dev": 0.10707995920287106, "test": 0.10705442166216572}, "fear": {"train": 0.1066306185966183, "dev": 0.08768871229847765, "test": 0.08948748574337784}, "joy": {"train": 0.09115714682877493, "dev": 0.07519359370416051, "test": 0.0694146617846478}, "sadness": {"train": 0.10990520824925025, "dev": 0.10605910364001003, "test": 0.10634627768360227}, "valence": {"train": 0.07871368298263166, "dev": 0.07630545073821692, "test": 0.082258122425592}}, "en_ar": {"anger": {"train": 0.08633276112996886, "dev": 0.08448953561881489, "test": 0.08467288687762632}, "fear": {"train": 0.09750583338390631, "dev": 0.0761356993440632, "test": 0.0874997451549256}, "joy": {"train": 0.0746804724497534, "dev": 0.058204326472430214, "test": 0.06910061678662813}, "sadness": {"train": 0.08571755112609221, "dev": 0.07724592750835865, "test": 0.08105840597965082}, "valence": {"train": 0.1535281217672603, "dev": 0.15348051757869835, "test": 0.14661438041451394}}, "es": {"anger": {"train": 0.08155123708272362, "dev": 0.0840630449410099, "test": 0.09640751715878641}, "fear": {"train": 0.22206731705298793, "dev": 0.2758140401806024, "test": 0.2456464338342903}, "joy": {"train": 0.09366980468795108, "dev": 0.11983657868590294, "test": 0.09879597939641144}, "sadness": {"train": 0.05882850974232758, "dev": 0.06052468059045054, "test": 0.0593963607438527}, "valence": {"train": 0.12639021917377552, "dev": 0.10955603794858634, "test": 0.11752321642927376}}, "ar": {"anger": {"train": 0.0850760728150907, "dev": 0.06792826153871435, "test": 0.07613325371113996}, "fear": {"train": 0.07748489725851494, "dev": 0.07888412126536029, "test": 0.0817910736609161}, "joy": {"train": 0.1346181567515939, "dev": 0.07303334580311437, "test": 0.08619485754094132}, "sadness": {"train": 0.06130199531004047, "dev": 0.07126399447986628, "test": 0.06094968179830454}, "valence": {"train": 0.10963833183665742, "dev": 0.08306686759462956, "test": 0.10315128839174931}}}, "Pearson": {"en": {"anger": {"train": -0.05614516688292176, "dev": -0.038672527541487825, "test": -0.03290892329375241}, "fear": {"train": 0.10544431208453717, "dev": 0.09258293895879842, "test": 0.05019599082776742}, "joy": {"train": 0.15039011294264437, "dev": 0.13110072417871588, "test": 0.08926479469777092}, "sadness": {"train": 0.04788774524466142, "dev": -0.016102463939293182, "test": -0.03640049870231497}, "valence": {"train": -0.06607482673786715, "dev": 0.01413879167183547, "test": -0.014596401072290209}}, "en_es": {"anger": {"train": -0.040736803736361404, "dev": -0.07106577930003227, "test": -0.06301438173624092}, "fear": {"train": 0.042769657361257284, "dev": 0.0945505752921261, "test": 0.057076590115415674}, "joy": {"train": 0.12555745221514636, "dev": 0.1796018701188348, "test": 0.16473635579091223}, "sadness": {"train": 0.04129160104705451, "dev": 0.024412161757214244, "test": 0.05475219285538744}, "valence": {"train": 0.16552933665529806, "dev": 0.13384434306468554, "test": 0.10092653017176775}}, "en_ar": {"anger": {"train": -0.008381814722513896, "dev": -0.03154269072925605, "test": -0.03678151025664446}, "fear": {"train": 0.10258727370869197, "dev": 0.06319904108013058, "test": -0.002329779474345959}, "joy": {"train": 0.08484876915783648, "dev": 0.08601447894953049, "test": 0.08649258247922627}, "sadness": {"train": 0.00883729718531169, "dev": -0.05239835930413649, "test": -0.0205027584988369}, "valence": {"train": 0.11096730518031293, "dev": 0.10063163814875238, "test": 0.08167413299305774}}, "es": {"anger": {"train": 0.07895959969524255, "dev": 0.052744156589235404, "test": 0.12236977309729409}, "fear": {"train": 0.09151025636911007, "dev": 0.05840656087982438, "test": 0.15986739224173963}, "joy": {"train": 0.01220228389418316, "dev": -0.08760532718855248, "test": -0.037213655479358246}, "sadness": {"train": 0.12693076378193, "dev": 0.0009943361735789726, "test": 0.04161552989971681}, "valence": {"train": -0.016623210092756944, "dev": 0.008853032316175428, "test": -0.01795836186013243}}, "ar": {"anger": {"train": 0.021672769202375666, "dev": -0.09716459140122113, "test": 0.07390656170315675}, "fear": {"train": 0.036040601170390346, "dev": -0.08719206274879707, "test": 0.0024311542277979173}, "joy": {"train": -0.062092449781165245, "dev": -0.0051405331831099535, "test": 0.03998505109633301}, "sadness": {"train": 0.222571330984209, "dev": 0.06381364209495853, "test": 0.2554085092849354}, "valence": {"train": 0.08895600965443093, "dev": 0.27785394027254673, "test": 0.09032245559576782}}}, "Spearman": {"en": {"anger": {"train": -0.049440150443871365, "dev": -0.06555379767325852, "test": -0.061545076424665}, "fear": {"train": 0.09916529253678437, "dev": 0.09924877580749294, "test": 0.0536899773774006}, "joy": {"train": 0.14502653795037407, "dev": 0.17370648945012593, "test": 0.08567120737486691}, "sadness": {"train": 0.040217502008382526, "dev": -0.030094427275959387, "test": -0.028806952797469462}, "valence": {"train": -0.050596806265370296, "dev": 0.03560159694446538, "test": -0.027722457627495152}}, "en_es": {"anger": {"train": -0.05368747765040038, "dev": -0.06404437747377191, "test": -0.07237211917615934}, "fear": {"train": 0.03400645681977149, "dev": 0.05437827785407902, "test": 0.03458644006289502}, "joy": {"train": 0.126644864259229, "dev": 0.19342243646562168, "test": 0.1595214299448177}, "sadness": {"train": 0.04944343592879699, "dev": 0.033395132387034676, "test": 0.07929653942752224}, "valence": {"train": 0.16320392852417576, "dev": 0.14014403580672194, "test": 0.12191463865734686}}, "en_ar": {"anger": {"train": -0.012710974944115152, "dev": -0.028738061907099703, "test": -0.017579736324079054}, "fear": {"train": 0.10481160410126378, "dev": 0.051343663093328655, "test": 0.01728933529122851}, "joy": {"train": 0.0683800484980273, "dev": 0.08650542770261771, "test": 0.10544040942636031}, "sadness": {"train": -0.009132221709973576, "dev": -0.036056261138681565, "test": -0.043353316055809575}, "valence": {"train": 0.091447263502221, "dev": 0.10120712134108141, "test": 0.07702315671764874}}, "es": {"anger": {"train": 0.08833991104900094, "dev": 0.05159611675501924, "test": 0.11670044529566112}, "fear": {"train": 0.09574886140993448, "dev": 0.05763732898832541, "test": 0.14620044782531624}, "joy": {"train": -0.008781273858115878, "dev": -0.10401457378550548, "test": -0.03765212785394064}, "sadness": {"train": 0.12271341694985909, "dev": 0.038659590435476315, "test": 0.0618728603862959}, "valence": {"train": 0.00783343252614528, "dev": 0.03311029852325231, "test": 0.0030622964466706826}}, "ar": {"anger": {"train": 0.020078263423363517, "dev": -0.1081570999933701, "test": 0.05833439191498776}, "fear": {"train": 0.029581371970289008, "dev": -0.06290783916431791, "test": 0.03350140041865968}, "joy": {"train": -0.044792018957375807, "dev": -0.002477575078665073, "test": 0.044485958727611165}, "sadness": {"train": 0.24089727458425697, "dev": 0.12836104840672102, "test": 0.26886548721270154}, "valence": {"train": 0.0830383077596561, "dev": 0.24059413631512122, "test": 0.08126065529281133}}}}